<?xml version="1.0" encoding="UTF-8"?>
<feature
      id="com.ibm.xtools.rmp.base.feature.patch"
      label="IBM Rational Modeling Platform Base Patch"
      version="1.0.0.v20160615_1334"
      provider-name="IBM">

   <description url="http://www.example.com/description">
      [Enter Feature Description here.]
   </description>

   <copyright url="http://www.example.com/copyright">
      [Enter Copyright Description here.]
   </copyright>

   <license url="http://www.example.com/license">
      [Enter License Description here.]
   </license>

   <requires>
      <import feature="com.ibm.xtools.rmp.base" version="7.80.500.v20160219_0408" patch="true"/>
   </requires>

   <plugin
         id="com.ibm.xtools.rmp.ui.diagram"
         download-size="0"
         install-size="0"
         version="1.20.400.v20160615_1334"
         unpack="false"/>

</feature>
